word,emotion,emojis
aggression,anger,False
aggressive,anger,False
anger,anger,False
angered,anger,False
angers,anger,False
angriness,anger,False
angry,anger,False
annoy,anger,False
annoyance,anger,False
annoyed,anger,False
annoying,anger,False
annoys,anger,False
appall,anger,False
appalled,anger,False
appalls,anger,False
arse,anger,False
ass,anger,False
asses,anger,False
asshole,anger,False
assholes,anger,False
atrocious,anger,False
bias,anger,False
biased,anger,False
bitch,anger,False
bitches,anger,False
bloody,anger,False
butts,anger,False
c word,anger,False
cock,anger,False
cocks,anger,False
cocksucker,anger,False
cocksuckers,anger,False
cunt,anger,False
cunts,anger,False
damn,anger,False
damned,anger,False
devestated,anger,False
dickhead,anger,False
do not listen,anger,False
dumb,anger,False
dumbass,anger,False
dumbasses,anger,False
dumber,anger,False
dumbest,anger,False
dumbo,anger,False
dummies,anger,False
dummy,anger,False
embarrass,anger,False
embarrassed,anger,False
embarrasses,anger,False
embarrassing,anger,False
embarrassment,anger,False
enrage,anger,False
enraged,anger,False
f k,anger,False
f off,anger,False
f the,anger,False
f you,anger,False
fck,anger,False
fk,anger,False
fk up,anger,False
fkn,anger,False
fooled,anger,False
freaking,anger,False
frustrate,anger,False
frustrated,anger,False
frustrates,anger,False
frustrating,anger,False
frustration,anger,False
frustrative,anger,False
fuck,anger,False
fucked,anger,False
fucker,anger,False
fuckers,anger,False
fuckery,anger,False
fucking,anger,False
fucks,anger,False
fuddled,anger,False
fugly,anger,False
fuk,anger,False
fumes,anger,False
furious,anger,False
furiousness,anger,False
furor,anger,False
furore,anger,False
get outta here,anger,False
go broke,anger,False
gobroke,anger,False
goddamn,anger,False
goddamnit,anger,False
gr,anger,False
grr,anger,False
grrr,anger,False
harassed,anger,False
hard to believe,anger,False
hate,anger,False
hated,anger,False
hateful,anger,False
hates,anger,False
hideous,anger,False
hooker,anger,False
hostile,anger,False
hostility,anger,False
infuriate,anger,False
infuriated,anger,False
infuriates,anger,False
insecure,anger,False
insecurity,anger,False
irate,anger,False
irritate,anger,False
irritated,anger,False
irritates,anger,False
irritating,anger,False
irritation,anger,False
irritative,anger,False
jealous,anger,False
jealousy,anger,False
kill them all,anger,False
lazy people,anger,False
let them die,anger,False
mad,anger,False
maddened,anger,False
mf,anger,False
mofo,anger,False
motherfucker,anger,False
motherfuckers,anger,False
n word,anger,False
no respect,anger,False
nonsense,anger,False
not trust,anger,False
outrage,anger,False
outraged,anger,False
outrageous,anger,False
pestered,anger,False
pestering,anger,False
pestiferous,anger,False
piss,anger,False
pissed,anger,False
pisses,anger,False
pissing,anger,False
provoked,anger,False
rage,anger,False
raging,anger,False
rape,anger,False
raped,anger,False
rapes,anger,False
resentful,anger,False
resents,anger,False
sarcasm,anger,False
sarcastic,anger,False
scream,anger,False
screaming,anger,False
screams,anger,False
shit,anger,False
shithead,anger,False
shits,anger,False
shittiest,anger,False
shitting,anger,False
shitty,anger,False
should be fired,anger,False
shut up,anger,False
shyt,anger,False
skeptical,anger,False
slay the,anger,False
son of a,anger,False
stfu,anger,False
stupid,anger,False
suck,anger,False
sucked,anger,False
sucker,anger,False
suckered,anger,False
suckers,anger,False
sucking,anger,False
sucks,anger,False
suspect,anger,False
suspicious,anger,False
testing my patience,anger,False
told ya,anger,False
told you,anger,False
unfair,anger,False
useless,anger,False
violated,anger,False
wack,anger,False
wasting,anger,False
weak af,anger,False
wrath,anger,False
wrathful,anger,False
wroth,anger,False
wrothful,anger,False
angersymbol,anger_emojis,True
angryface,anger_emojis,True
angryfacesymbolshead,anger_emojis,True
angryfacewithhorns,anger_emojis,True
annoyedface,anger_emojis,True
explodinghead,anger_emojis,True
facewithsteamfromnose,anger_emojis,True
hotface,anger_emojis,True
middlefinger,anger_emojis,True
personpouting,anger_emojis,True
pileofpoo,anger_emojis,True
poutingcatface,anger_emojis,True
poutingface,anger_emojis,True
shushingface,anger_emojis,True
skull,anger_emojis,True
skullandcrossbones,anger_emojis,True
abhorrence,disgust,False
abhorrent,disgust,False
abominable,disgust,False
abomination,disgust,False
abominations,disgust,False
anal,disgust,False
arrogant,disgust,False
arrogants,disgust,False
avoidance,disgust,False
bag,disgust,False
bagger,disgust,False
baggers,disgust,False
baggies,disgust,False
bagholder,disgust,False
bagholders,disgust,False
bagholding,disgust,False
bags,disgust,False
banksters,disgust,False
basher,disgust,False
bashers,disgust,False
bastard,disgust,False
bastards,disgust,False
bear hunting,disgust,False
bipolar,disgust,False
bitching,disgust,False
bogus,disgust,False
bs,disgust,False
bukakie,disgust,False
bullshit,disgust,False
bullshitter,disgust,False
bullshitting,disgust,False
bully,disgust,False
cheat,disgust,False
cheating,disgust,False
cheats,disgust,False
chickens,disgust,False
choke,disgust,False
choked,disgust,False
chokes,disgust,False
chump,disgust,False
chumps,disgust,False
circus,disgust,False
clown,disgust,False
clowns,disgust,False
cocky,disgust,False
con call,disgust,False
con man,disgust,False
conspiracy,disgust,False
corrupt,disgust,False
corrupted,disgust,False
corruption,disgust,False
cowardice,disgust,False
cowardliness,disgust,False
crackhead,disgust,False
crackheads,disgust,False
creep,disgust,False
cretin,disgust,False
criminal,disgust,False
criminals,disgust,False
cripple,disgust,False
crippled,disgust,False
cronies,disgust,False
crook,disgust,False
crooked,disgust,False
crooks,disgust,False
debbie downers,disgust,False
degenerate,disgust,False
degenerates,disgust,False
delusional,disgust,False
deplorable,disgust,False
despicable,disgust,False
despise,disgust,False
detest,disgust,False
detestable,disgust,False
detestation,disgust,False
devil,disgust,False
devils,disgust,False
dirt,disgust,False
dirty,disgust,False
disapproval,disgust,False
disapprove,disgust,False
disapproved,disgust,False
disdain,disgust,False
disdains,disgust,False
disgust,disgust,False
disgusted,disgust,False
disgustful,disgust,False
disgusting,disgust,False
disgusts,disgust,False
dislike,disgust,False
disrespect,disgust,False
disrespects,disgust,False
distasteful,disgust,False
distrust,disgust,False
distrustfulness,disgust,False
distrusts,disgust,False
down syndrome,disgust,False
duh,disgust,False
dumpers,disgust,False
dumpster fire,disgust,False
dupe,disgust,False
dupery,disgust,False
evil,disgust,False
ew,disgust,False
exposed,disgust,False
fag,disgust,False
fags,disgust,False
fake,disgust,False
fakecrypto,disgust,False
faked,disgust,False
fakenews,disgust,False
fakeout,disgust,False
faker,disgust,False
fakes,disgust,False
falsify,disgust,False
felon,disgust,False
felonious,disgust,False
felons,disgust,False
filth,disgust,False
filthy,disgust,False
financil hackers,disgust,False
fishy,disgust,False
fool,disgust,False
fooling,disgust,False
foolish,disgust,False
foolishly,disgust,False
fools,disgust,False
fraud,disgust,False
frauds,disgust,False
fraudulence,disgust,False
fraudulent,disgust,False
gag,disgust,False
gags,disgust,False
gamblers,disgust,False
gaming ecosystem,disgust,False
gaming the system,disgust,False
garbage,disgust,False
godforsaken,disgust,False
grossly,disgust,False
hater,disgust,False
haters,disgust,False
herd,disgust,False
hoax,disgust,False
hoe,disgust,False
hoes,disgust,False
hog,disgust,False
hogs,disgust,False
hypers,disgust,False
idiot,disgust,False
idiotic,disgust,False
idiots,disgust,False
illegal,disgust,False
illegally,disgust,False
illegitimate,disgust,False
illegitimates,disgust,False
imbecile,disgust,False
imbeciles,disgust,False
imposter,disgust,False
imposters,disgust,False
impostor,disgust,False
impostors,disgust,False
incompetent,disgust,False
ironic,disgust,False
jail,disgust,False
jerk,disgust,False
judgmental,disgust,False
junk,disgust,False
killers,disgust,False
laggard,disgust,False
lame,disgust,False
laugh my ass,disgust,False
liar,disgust,False
liars,disgust,False
lie,disgust,False
lied,disgust,False
lies,disgust,False
lizard,disgust,False
lmao,disgust,False
lmfao,disgust,False
loathe,disgust,False
loathes,disgust,False
loathing,disgust,False
loathly,disgust,False
loathsome,disgust,False
loser,disgust,False
losers,disgust,False
lousy,disgust,False
lying,disgust,False
mafia,disgust,False
maggot,disgust,False
maggots,disgust,False
manipulator,disgust,False
manipulators,disgust,False
masses,disgust,False
mediocre,disgust,False
misleading,disgust,False
molest,disgust,False
molested,disgust,False
molests,disgust,False
monkeys,disgust,False
moron,disgust,False
moronic,disgust,False
morons,disgust,False
nasty,disgust,False
nauseate,disgust,False
nauseated,disgust,False
nauseates,disgust,False
newbies,disgust,False
noob,disgust,False
noobs,disgust,False
novice,disgust,False
pathetic,disgust,False
pervert,disgust,False
perverts,disgust,False
petty,disgust,False
phoney,disgust,False
phonies,disgust,False
phony,disgust,False
pig,disgust,False
piggy,disgust,False
pigs,disgust,False
piigs,disgust,False
pile,disgust,False
pitiable,disgust,False
pitiful,disgust,False
ponzi,disgust,False
poo,disgust,False
pretender,disgust,False
pretentious,disgust,False
prick,disgust,False
pricks,disgust,False
prison,disgust,False
puke,disgust,False
pukes,disgust,False
pumper,disgust,False
pumpers,disgust,False
pumptarded,disgust,False
punk,disgust,False
puppet,disgust,False
puppets,disgust,False
pussies,disgust,False
pussy,disgust,False
racist,disgust,False
racists,disgust,False
repelling,disgust,False
reprehensible,disgust,False
repugnant,disgust,False
repulsive,disgust,False
retard,disgust,False
retarded,disgust,False
retards,disgust,False
revolted,disgust,False
revolting,disgust,False
revulsion,disgust,False
riddance,disgust,False
rigged,disgust,False
roach,disgust,False
roaches,disgust,False
rookies,disgust,False
rotten,disgust,False
rubbish,disgust,False
scalper,disgust,False
scalpers,disgust,False
scam,disgust,False
scammed,disgust,False
scammer,disgust,False
scams,disgust,False
scandal,disgust,False
screw,disgust,False
screwed,disgust,False
screwing,disgust,False
screws,disgust,False
scum,disgust,False
scumbag,disgust,False
scumbags,disgust,False
scums,disgust,False
shady,disgust,False
shame on,disgust,False
shameful,disgust,False
sharks,disgust,False
sheep,disgust,False
sheepish,disgust,False
sheeplike,disgust,False
shortie,disgust,False
shorty,disgust,False
sicken,disgust,False
sickening,disgust,False
sickens,disgust,False
skanky,disgust,False
sketchy,disgust,False
slimy,disgust,False
slob,disgust,False
slobs,disgust,False
stink,disgust,False
stinks,disgust,False
stupidity,disgust,False
thievery,disgust,False
thirsty,disgust,False
thug,disgust,False
thugs,disgust,False
traitorous,disgust,False
trash,disgust,False
treasonable,disgust,False
treasonous,disgust,False
trickery,disgust,False
troll,disgust,False
trolling,disgust,False
trolls,disgust,False
tumor,disgust,False
tumors,disgust,False
turd,disgust,False
turds,disgust,False
uglier,disgust,False
uneducated,disgust,False
whine,disgust,False
whining,disgust,False
whore,disgust,False
whores,disgust,False
wicked,disgust,False
wretched,disgust,False
yack,disgust,False
yak,disgust,False
yuck,disgust,False
yucky,disgust,False
zombie,disgust,False
disgustface,disgust_emojis,True
evilface,disgust_emojis,True
facevomiting,disgust_emojis,True
lyingface,disgust_emojis,True
nauseatedface,disgust_emojis,True
pigface,disgust_emojis,True
pignose,disgust_emojis,True
toilet,disgust_emojis,True
wastebasket,disgust_emojis,True
actual value,fear,False
affright,fear,False
afraid,fear,False
agitate,fear,False
alarmed,fear,False
alarming,fear,False
alienated,fear,False
all out,fear,False
all to lose,fear,False
am out,fear,False
angst,fear,False
anxiety,fear,False
anxious,fear,False
anxiousness,fear,False
attack,fear,False
attacked,fear,False
avoid,fear,False
back fire,fear,False
back under soon,fear,False
backfire,fear,False
backfired,fear,False
backfires,fear,False
bad news,fear,False
bank run,fear,False
bashing,fear,False
battleground,fear,False
bear flag,fear,False
bear market,fear,False
bearish,fear,False
bloodbath,fear,False
bother,fear,False
botheration,fear,False
bothered,fear,False
bothers,fear,False
bubble,fear,False
bubbles,fear,False
buckle,fear,False
burning,fear,False
burning money,fear,False
burning through,fear,False
cannot go up,fear,False
capitulation,fear,False
careful,fear,False
carefully,fear,False
carefulness,fear,False
carelessness,fear,False
carnage,fear,False
cataclysm,fear,False
catastrophe,fear,False
caution,fear,False
cautions,fear,False
cautious,fear,False
cautiously,fear,False
cautiousness,fear,False
chaos,fear,False
chop,fear,False
choppy,fear,False
close out,fear,False
closed out,fear,False
collapse,fear,False
collapsed,fear,False
collapses,fear,False
collapsing,fear,False
collusion,fear,False
comes down,fear,False
concern,fear,False
concerned,fear,False
concerning,fear,False
concerns,fear,False
continue to fall,fear,False
continues to fall,fear,False
contraction,fear,False
contracts,fear,False
correction,fear,False
could be down,fear,False
covering,fear,False
crackdown,fear,False
crash,fear,False
crashed,fear,False
crashes,fear,False
crashing,fear,False
crashing,fear,False
crisis,fear,False
critical point,fear,False
crumble,fear,False
crumbled,fear,False
crumbles,fear,False
crunch,fear,False
crushes,fear,False
cutting,fear,False
danger,fear,False
dangerous,fear,False
decaying,fear,False
declines,fear,False
decreases,fear,False
defensive,fear,False
demise,fear,False
destroying value,fear,False
destruction,fear,False
dire,fear,False
direful,fear,False
discourage,fear,False
discouraged,fear,False
disquiet,fear,False
disquieted,fear,False
disquietude,fear,False
disrepeted,fear,False
disrupted,fear,False
distress,fear,False
distressed,fear,False
distresses,fear,False
distressful,fear,False
distressing,fear,False
distrubs,fear,False
disturb,fear,False
disturbed,fear,False
disturbing,fear,False
divergence,fear,False
does not hold,fear,False
doom,fear,False
doomed,fear,False
doomsday,fear,False
down so far,fear,False
down tomorrow,fear,False
downfall,fear,False
downhill,fear,False
downside,fear,False
downtrend,fear,False
downturn,fear,False
downward,fear,False
dropped,fear,False
dropping,fear,False
dump,fear,False
dumped,fear,False
dumping,fear,False
dumps,fear,False
end red,fear,False
endangerment,fear,False
face problem,fear,False
face problems,fear,False
fade out,fear,False
faded,fear,False
fades,fear,False
fading,fear,False
fall back,fear,False
falling,fear,False
falls,fear,False
fear,fear,False
fearful,fear,False
fearfulness,fear,False
fears,fear,False
fearsome,fear,False
flip flop,fear,False
fragile,fear,False
fragility,fear,False
frail,fear,False
fright,fear,False
frighten,fear,False
frightened,fear,False
frightening,fear,False
frightens,fear,False
frightful,fear,False
gambling,fear,False
game of chicken,fear,False
game over,fear,False
gameover,fear,False
get out,fear,False
goes to zero,fear,False
going down,fear,False
going lower,fear,False
going red,fear,False
gonna be red,fear,False
got expensive,fear,False
got out,fear,False
grace period,fear,False
greed,fear,False
greedy,fear,False
halted,fear,False
hammered,fear,False
heart attack,fear,False
humiliate,fear,False
humiliated,fear,False
humiliates,fear,False
humiliation,fear,False
i am out,fear,False
i am short,fear,False
implode,fear,False
implodes,fear,False
in a hole,fear,False
in the red,fear,False
inadequate,fear,False
inferior,fear,False
inflated,fear,False
inflates,fear,False
insiders are buying,fear,False
irrational,fear,False
it is over,fear,False
job cut,fear,False
job cuts,fear,False
jump out,fear,False
jumped out,fear,False
jumps out,fear,False
less soon,fear,False
liquidate,fear,False
liquidating,fear,False
looming,fear,False
lot of red,fear,False
lots of red,fear,False
lower tomorrow,fear,False
manipulated,fear,False
manipulates,fear,False
manipulating,fear,False
manipulation,fear,False
manipulative,fear,False
massacre,fear,False
mistrustful,fear,False
mortified,fear,False
mortify,fear,False
mortifying,fear,False
negative indicator,fear,False
negative indicators,fear,False
negative news,fear,False
nerve,fear,False
nerves,fear,False
nervous,fear,False
nervousness,fear,False
nightmare,fear,False
no chance,fear,False
no more room,fear,False
no signal,fear,False
no way,fear,False
normal levels,fear,False
not a chance,fear,False
not bullish,fear,False
not bullish,fear,False
not looking good,fear,False
not worth,fear,False
outta,fear,False
overbought,fear,False
overpriced,fear,False
overwhelmed,fear,False
panic,fear,False
panicked,fear,False
panicking,fear,False
paranoid,fear,False
party over,fear,False
peril,fear,False
pessimistic,fear,False
plummet,fear,False
plummeting,fear,False
plummets,fear,False
plunged,fear,False
plunges,fear,False
plunging,fear,False
pounding,fear,False
pray,fear,False
praying,fear,False
prays,fear,False
precarious,fear,False
precaution,fear,False
precautious,fear,False
problem,fear,False
profit taking,fear,False
pullback,fear,False
pump,fear,False
pumping,fear,False
pumps,fear,False
real value,fear,False
reasons to sell,fear,False
recession,fear,False
red close,fear,False
red day,fear,False
red zone,fear,False
reddish,fear,False
rejected,fear,False
ridiculed,fear,False
risking,fear,False
risky,fear,False
rs,fear,False
running down,fear,False
runs down,fear,False
safety,fear,False
save your money,fear,False
scare,fear,False
scared,fear,False
scares,fear,False
scaring,fear,False
scary,fear,False
scramble,fear,False
sell button,fear,False
sell off,fear,False
sell signal,fear,False
sell the,fear,False
sell the news,fear,False
selloff,fear,False
sells off,fear,False
shaking,fear,False
shaky,fear,False
shrinking,fear,False
sink,fear,False
sinking,fear,False
sinks,fear,False
slide,fear,False
slides,fear,False
sliding,fear,False
slowdown,fear,False
slowed,fear,False
slowing,fear,False
slump,fear,False
smacked,fear,False
speculate,fear,False
speculating,fear,False
speculation,fear,False
speculative,fear,False
spooky,fear,False
squeeze,fear,False
squeezed,fear,False
squeezes,fear,False
squeezing,fear,False
stampede,fear,False
stay away,fear,False
stayaway,fear,False
stop loss,fear,False
stoploss,fear,False
stress,fear,False
stressed,fear,False
stresses,fear,False
stressful,fear,False
submissive,fear,False
suicide,fear,False
survival,fear,False
take profit,fear,False
take profits,fear,False
take the cents,fear,False
taking profit,fear,False
tanked,fear,False
tanking,fear,False
tanks,fear,False
target red,fear,False
tense,fear,False
tenseness,fear,False
tension,fear,False
tensions,fear,False
terrified,fear,False
terrifies,fear,False
terrify,fear,False
terrorise,fear,False
terrorize,fear,False
threat,fear,False
threatens,fear,False
threats,fear,False
ticking bomb,fear,False
time to sell,fear,False
to decline,fear,False
too expensive,fear,False
took profit,fear,False
tramp,fear,False
trap,fear,False
trapped,fear,False
trapping,fear,False
traps,fear,False
tremble,fear,False
trembles,fear,False
trembling,fear,False
trouble,fear,False
troubled,fear,False
troubles,fear,False
troubling,fear,False
tug of war,fear,False
tumble,fear,False
tumbles,fear,False
tumbling,fear,False
uncertain,fear,False
uncertainty,fear,False
under pressure,fear,False
unease,fear,False
uneasiness,fear,False
uneasy,fear,False
unfortunately,fear,False
unload,fear,False
unloads,fear,False
unpredictable,fear,False
unreassuring,fear,False
unsafe,fear,False
unstable,fear,False
unsure,fear,False
untrusting,fear,False
vicious,fear,False
waning,fear,False
warn,fear,False
warned,fear,False
warning sign,fear,False
warns,fear,False
warranted,fear,False
wary,fear,False
watch out,fear,False
weakening,fear,False
will be down,fear,False
will be red,fear,False
will dive,fear,False
will exit,fear,False
will go down,fear,False
will not hold,fear,False
will not work,fear,False
wipe,fear,False
worried,fear,False
worries,fear,False
worrisome,fear,False
worry,fear,False
worrying,fear,False
worthless,fear,False
would not hold,fear,False
bearface,fear_emojis,True
biohazard,fear_emojis,True
bomb,fear_emojis,True
cloudwithlightning,fear_emojis,True
cloudwithlightningandrain,fear_emojis,True
cloudwithrain,fear_emojis,True
facescreaminginfear,fear_emojis,True
facewithopenmouthcoldsweat,fear_emojis,True
fearface,fear_emojis,True
fearfulface,fear_emojis,True
grimacingface,fear_emojis,True
highvoltage,fear_emojis,True
hushedface,fear_emojis,True
noentry,fear_emojis,True
personrunning,fear_emojis,True
prohibited,fear_emojis,True
redcircle,fear_emojis,True
rollercoaster,fear_emojis,True
stopbutton,fear_emojis,True
stopsign,fear_emojis,True
warning,fear_emojis,True
worriedface,fear_emojis,True
about to burst,happy,False
about to explode,happy,False
admiration,happy,False
affection,happy,False
affectionateness,happy,False
all good,happy,False
alleviation,happy,False
already good,happy,False
amaze,happy,False
amazing,happy,False
amazingly,happy,False
amused,happy,False
amusing,happy,False
appreciation,happy,False
appreciative,happy,False
appreciativeness,happy,False
arouse,happy,False
aroused,happy,False
arouses,happy,False
aspirant,happy,False
aspirer,happy,False
at last,happy,False
awesome,happy,False
babe,happy,False
babes,happy,False
baby,happy,False
back at it,happy,False
back higher,happy,False
bang bang,happy,False
bargain,happy,False
bargains,happy,False
bby,happy,False
beast,happy,False
beastmode,happy,False
beatified,happy,False
beatify,happy,False
beaut,happy,False
beautiful,happy,False
beautifully,happy,False
beauty,happy,False
beloved,happy,False
big buy,happy,False
bless,happy,False
blessed,happy,False
blesses,happy,False
blessing,happy,False
bliss,happy,False
blissfulness,happy,False
blithe,happy,False
blitheness,happy,False
blithesome,happy,False
booming,happy,False
boost,happy,False
booyah,happy,False
bright,happy,False
brilliant,happy,False
bring it on,happy,False
bring on,happy,False
bueno,happy,False
bull flag,happy,False
bullish,happy,False
bumping,happy,False
buy button,happy,False
buy signal,happy,False
buy the,happy,False
buy the news,happy,False
called it,happy,False
can go up,happy,False
cannot wait,happy,False
cannot wait,happy,False
cant wait,happy,False
celebration,happy,False
champion,happy,False
cheer,happy,False
cheerful,happy,False
cheerfulness,happy,False
cheers,happy,False
chilling,happy,False
come on,happy,False
come to daddy,happy,False
come to papa,happy,False
comes power,happy,False
comfortable,happy,False
confident,happy,False
congrats,happy,False
congratulate,happy,False
congratuliation,happy,False
congratuliations,happy,False
continue to rise,happy,False
continues to climb,happy,False
continues to work,happy,False
continuing to work,happy,False
could be big,happy,False
could be huge,happy,False
could go up,happy,False
could work,happy,False
courage,happy,False
courageous,happy,False
crack me up,happy,False
cracks me up,happy,False
cute,happy,False
dandy,happy,False
darling,happy,False
dear,happy,False
dearest,happy,False
decent,happy,False
delicious,happy,False
delight,happy,False
delightful,happy,False
delights,happy,False
dime,happy,False
eagerness,happy,False
easement,happy,False
easing,happy,False
easy money,happy,False
ecstatic,happy,False
elate,happy,False
elated,happy,False
elation,happy,False
encourage,happy,False
end green,happy,False
energise,happy,False
energize,happy,False
energizes,happy,False
enjoy,happy,False
enjoyed,happy,False
enjoying,happy,False
enjoyment,happy,False
enjoys,happy,False
enthusiasm,happy,False
epic,happy,False
epical,happy,False
epyc,happy,False
estatic,happy,False
euphoria,happy,False
euphoric,happy,False
euphory,happy,False
excellent,happy,False
excellent entry,happy,False
excitation,happy,False
excite,happy,False
excited,happy,False
excitement,happy,False
excites,happy,False
exciting,happy,False
exhilarate,happy,False
exhilaration,happy,False
exuberance,happy,False
fabulous,happy,False
faith,happy,False
fantastic,happy,False
fantastical,happy,False
fascinates,happy,False
fascinating,happy,False
favorable,happy,False
favourable,happy,False
feast,happy,False
felicitous,happy,False
felicity,happy,False
festive,happy,False
fighting for us,happy,False
fighting for you,happy,False
finally,happy,False
finally coming,happy,False
finally found,happy,False
finally going,happy,False
finally in,happy,False
flourishing,happy,False
flying,happy,False
fondness,happy,False
ftw,happy,False
fulfilled,happy,False
fun,happy,False
funny,happy,False
gaiety,happy,False
gaining,happy,False
gainz,happy,False
gem,happy,False
gems,happy,False
gemstone,happy,False
genius,happy,False
get back in,happy,False
get back to,happy,False
get in,happy,False
gets back up,happy,False
getting started,happy,False
gift,happy,False
gifts,happy,False
gigantic,happy,False
gl,happy,False
glad,happy,False
gladden,happy,False
gladfulness,happy,False
gladiola,happy,False
gladiolus,happy,False
gladly,happy,False
gladness,happy,False
gladsomeness,happy,False
gleeful,happy,False
glorious,happy,False
glory,happy,False
glta,happy,False
go go,happy,False
goat,happy,False
gods,happy,False
going green,happy,False
going higher,happy,False
golden,happy,False
goldmine,happy,False
gonna be green,happy,False
good health,happy,False
good life,happy,False
good luck,happy,False
good news,happy,False
goodtimes,happy,False
gorgeous,happy,False
grateful,happy,False
gratefulness,happy,False
gratification,happy,False
gratify,happy,False
gratitude,happy,False
great,happy,False
greater,happy,False
greatest,happy,False
greatly,happy,False
green close,happy,False
greenish,happy,False
happier,happy,False
happiest,happy,False
happiness,happy,False
happy,happy,False
heating up,happy,False
here it comes,happy,False
here it goes,happy,False
here we go,happy,False
hero,happy,False
heroic,happy,False
higher tomorrow,happy,False
hodl,happy,False
hold steady,happy,False
holding steady,happy,False
holding up,happy,False
holds steady,happy,False
honey,happy,False
hope,happy,False
hoped,happy,False
hopeful,happy,False
hopefully,happy,False
hopefulness,happy,False
hopes,happy,False
hoping,happy,False
hot pick,happy,False
huge buy,happy,False
huge buys,happy,False
huge catalyst,happy,False
huge run,happy,False
huge windfall,happy,False
i am fine,happy,False
i am in,happy,False
i am long,happy,False
i am ready,happy,False
i believe in,happy,False
i do like,happy,False
i like,happy,False
impressed,happy,False
impresses,happy,False
impressive,happy,False
in the green,happy,False
inspired,happy,False
interested,happy,False
intimate,happy,False
jewel,happy,False
jolliness,happy,False
jollity,happy,False
jolly,happy,False
jovial,happy,False
joviality,happy,False
joy,happy,False
joyful,happy,False
joyfulness,happy,False
joyousness,happy,False
jubilance,happy,False
jubilancy,happy,False
jubilant,happy,False
jubilation,happy,False
jump in,happy,False
jumping in,happy,False
just in time,happy,False
just the beginning,happy,False
kaboom,happy,False
keep going,happy,False
keep it coming,happy,False
keep it going,happy,False
keep it up,happy,False
keep moving,happy,False
keep on,happy,False
laugh,happy,False
laughing,happy,False
let us break,happy,False
let us go,happy,False
let us roll,happy,False
lets go,happy,False
liberated,happy,False
life is good,happy,False
lighthearted,happy,False
like to see,happy,False
likeaboss,happy,False
liking,happy,False
lit,happy,False
lively,happy,False
load up,happy,False
loading up,happy,False
locked,happy,False
look attractive,happy,False
looking attractive,happy,False
looking forward to,happy,False
looking good,happy,False
looking legit,happy,False
looking special,happy,False
looking strong,happy,False
looks attractive,happy,False
looks legit,happy,False
looks special,happy,False
lot of green,happy,False
lots of green,happy,False
love,happy,False
loved,happy,False
lovely,happy,False
loves,happy,False
loving,happy,False
lovingness,happy,False
magical,happy,False
magnificent,happy,False
majestic,happy,False
marvellous,happy,False
marvelous,happy,False
merriment,happy,False
merry,happy,False
mighty,happy,False
miraculous,happy,False
moar,happy,False
moar,happy,False
money maker,happy,False
monster,happy,False
moon,happy,False
more to come,happy,False
neat,happy,False
nice,happy,False
nicely,happy,False
no pain,happy,False
not afraid,happy,False
not alarmed,happy,False
not alarming,happy,False
not anxious,happy,False
not bad,happy,False
not bearish,happy,False
not bearish,happy,False
not concerned,happy,False
not distressed,happy,False
not disturbed,happy,False
not fear,happy,False
not fearful,happy,False
not frightened,happy,False
not get out,happy,False
not inflated,happy,False
not miss out,happy,False
not risky,happy,False
not slowing,happy,False
not sorry,happy,False
not terrified,happy,False
not troubled,happy,False
not worried,happy,False
not worried,happy,False
on fire,happy,False
optimism,happy,False
optimistic,happy,False
overdue for pop,happy,False
party,happy,False
passion,happy,False
peaceful,happy,False
perfectly,happy,False
phenomenal,happy,False
phew,happy,False
pick up soon,happy,False
playful,happy,False
pleased,happy,False
pleasure,happy,False
popped,happy,False
positive indicator,happy,False
positive indicators,happy,False
positive news,happy,False
positively,happy,False
possibility,happy,False
potentially,happy,False
power hour,happy,False
powerful,happy,False
powerhour,happy,False
powerhouse,happy,False
precisous,happy,False
pretty accurate,happy,False
pretty cool,happy,False
pretty good,happy,False
pretty hot,happy,False
pretty nice,happy,False
pretty well,happy,False
prideful,happy,False
pridefulness,happy,False
promise,happy,False
promising,happy,False
prospering,happy,False
prosperity,happy,False
prosperous,happy,False
proud,happy,False
puppy,happy,False
push through,happy,False
push thru,happy,False
quite good,happy,False
rallies,happy,False
rally,happy,False
rallying,happy,False
really like,happy,False
reasonably well,happy,False
recovery,happy,False
rejoice,happy,False
rejoicing,happy,False
relaxation,happy,False
relief,happy,False
reliever,happy,False
relish,happy,False
relishes,happy,False
respected,happy,False
rewarding,happy,False
rise up,happy,False
roar,happy,False
roaring,happy,False
rocking home,happy,False
rooting,happy,False
rouse,happy,False
rousing,happy,False
run again,happy,False
run back up,happy,False
runner,happy,False
running up,happy,False
runs up,happy,False
salvage,happy,False
sanctify,happy,False
satisfaction,happy,False
satisfied,happy,False
savor,happy,False
savour,happy,False
sexy,happy,False
shabby,happy,False
shining,happy,False
shooting up,happy,False
shortsqueeze,happy,False
should recover,happy,False
sit back,happy,False
sky rocket,happy,False
sky rocketing,happy,False
sky rockets,happy,False
skyrocket,happy,False
skyrocketing,happy,False
skyrockets,happy,False
smasher,happy,False
smashing,happy,False
smile,happy,False
smiling,happy,False
soar,happy,False
soaring,happy,False
spiked,happy,False
splendid,happy,False
splendiferous,happy,False
stoked,happy,False
strong up,happy,False
success,happy,False
superb,happy,False
superbia,happy,False
supercilious,happy,False
supreme,happy,False
surges,happy,False
sweet,happy,False
sweetheart,happy,False
sweetness,happy,False
takeoff,happy,False
taking off,happy,False
target green,happy,False
tasty,happy,False
terrific,happy,False
thank me,happy,False
thankful,happy,False
thankfully,happy,False
thankfulness,happy,False
thrill,happy,False
thrilled,happy,False
thriving,happy,False
time to buy,happy,False
to easy,happy,False
to go positive,happy,False
too easy,happy,False
triumphal,happy,False
triumphant,happy,False
ty,happy,False
unbothered,happy,False
unicorn,happy,False
unstoppable,happy,False
up tomorrow,happy,False
up we go,happy,False
very good,happy,False
victorious,happy,False
waiting to,happy,False
we are bulls,happy,False
we are ready,happy,False
we do like,happy,False
we like,happy,False
we ready,happy,False
we rich,happy,False
weird markets,happy,False
weird mkt,happy,False
what a run,happy,False
will be bold,happy,False
will be green,happy,False
will be up,happy,False
will go up,happy,False
will pop,happy,False
will recover,happy,False
will soar,happy,False
will work,happy,False
win,happy,False
winning,happy,False
wins,happy,False
wisely,happy,False
wish i had,happy,False
wishful,happy,False
won,happy,False
wonderful,happy,False
wondrous,happy,False
woo,happy,False
woohoo,happy,False
woot,happy,False
worth a buy,happy,False
would not mind,happy,False
wunderlich,happy,False
yay,happy,False
yee,happy,False
yeehaw,happy,False
yess,happy,False
yolo,happy,False
yum,happy,False
yummy,happy,False
zeal,happy,False
zest,happy,False
zestfulness,happy,False
zippy,happy,False
beatingheart,happy_emojis,True
beermug,happy_emojis,True
blueheart,happy_emojis,True
bottlewithpoppingcork,happy_emojis,True
catfacewithtearsofjoy,happy_emojis,True
catfacewithwrysmile,happy_emojis,True
cheekyface,happy_emojis,True
clinkingbeermugs,happy_emojis,True
couplewithheart,happy_emojis,True
couplewithheartmanman,happy_emojis,True
couplewithheartwomanman,happy_emojis,True
couplewithheartwomanwoman,happy_emojis,True
dollarbanknote,happy_emojis,True
droolingface,happy_emojis,True
eurobanknote,happy_emojis,True
faceblowingakiss,happy_emojis,True
facesavouringdeliciousfood,happy_emojis,True
facewithhandovermouth,happy_emojis,True
facewithstuckouttongue,happy_emojis,True
facewithstuckouttongueclosedeyes,happy_emojis,True
facewithstuckouttonguewinkingeye,happy_emojis,True
facewithtearsofjoy,happy_emojis,True
flexedbiceps,happy_emojis,True
foldedhands,happy_emojis,True
glowingstar,happy_emojis,True
greenheart,happy_emojis,True
grinningcatfacewithsmilingeyes,happy_emojis,True
grinningface,happy_emojis,True
grinningfacewithsmilingeyes,happy_emojis,True
growingheart,happy_emojis,True
happyface,happy_emojis,True
heartdecoration,happy_emojis,True
heartsuit,happy_emojis,True
heartwitharrow,happy_emojis,True
heartwithribbon,happy_emojis,True
heavydollarsign,happy_emojis,True
heavyheartexclamation,happy_emojis,True
huggingface,happy_emojis,True
hundredpoints,happy_emojis,True
kissingcatfacewithclosedeyes,happy_emojis,True
kissingface,happy_emojis,True
kissingfacewithclosedeyes,happy_emojis,True
kissingfacewithsmilingeyes,happy_emojis,True
kissmanman,happy_emojis,True
kissmark,happy_emojis,True
kisswomanman,happy_emojis,True
kisswomanwoman,happy_emojis,True
laughingface,happy_emojis,True
loveletter,happy_emojis,True
mandancing,happy_emojis,True
moneybag,happy_emojis,True
moneymouthface,happy_emojis,True
moneywithwings,happy_emojis,True
oncomingfist,happy_emojis,True
ox,happy_emojis,True
partyingface,happy_emojis,True
peoplewithbunnyearspartying,happy_emojis,True
poundbanknote,happy_emojis,True
purpleheart,happy_emojis,True
raisinghands,happy_emojis,True
redheart,happy_emojis,True
relievedface,happy_emojis,True
revolvinghearts,happy_emojis,True
rocket,happy_emojis,True
rollingonthefloorlaughing,happy_emojis,True
seenoevilmonkey,happy_emojis,True
shootingstar,happy_emojis,True
slightlysmilingface,happy_emojis,True
smilingcatfacewithhearteyes,happy_emojis,True
smilingcatfacewithopenmouth,happy_emojis,True
smilingface,happy_emojis,True
smilingfacewithhalo,happy_emojis,True
smilingfacewithhearteyes,happy_emojis,True
smilingfacewithhearts,happy_emojis,True
smilingfacewithhorns,happy_emojis,True
smilingfacewithopenmouth,happy_emojis,True
smilingfacewithopenmouthclosedeyes,happy_emojis,True
smilingfacewithopenmouthcoldsweat,happy_emojis,True
smilingfacewithopenmouthsmilingeyes,happy_emojis,True
smilingfacewithsmilingeyes,happy_emojis,True
smilingfacewithsunglasses,happy_emojis,True
smilingfacewithtear,happy_emojis,True
smirkingface,happy_emojis,True
sparklingheart,happy_emojis,True
starstruck,happy_emojis,True
sunwithface,happy_emojis,True
thumbsup,happy_emojis,True
trophy,happy_emojis,True
trumpet,happy_emojis,True
twohearts,happy_emojis,True
unicornface,happy_emojis,True
upsidedownface,happy_emojis,True
veryhappyface,happy_emojis,True
victoryhand,happy_emojis,True
winkface,happy_emojis,True
winkingface,happy_emojis,True
womandancing,happy_emojis,True
wrappedgift,happy_emojis,True
yellowheart,happy_emojis,True
yenbanknote,happy_emojis,True
abandoned,sad,False
abash,sad,False
abashed,sad,False
abashment,sad,False
abject,sad,False
abjected,sad,False
ache,sad,False
agony,sad,False
alone,sad,False
aloneness,sad,False
anguish,sad,False
annihilated,sad,False
annihilation,sad,False
apathetic,sad,False
argh,sad,False
ashamed,sad,False
aw,sad,False
awed,sad,False
awful,sad,False
awfully,sad,False
awkward,sad,False
awkwardness,sad,False
awry,sad,False
bad,sad,False
badly,sad,False
bailing,sad,False
bashed,sad,False
beat down,sad,False
beat it down,sad,False
beat this down,sad,False
beaten,sad,False
betrayed,sad,False
blame,sad,False
bleed,sad,False
bleeder,sad,False
bleeding,sad,False
blew,sad,False
blows,sad,False
boo,sad,False
brokenhearted,sad,False
brokenheartedness,sad,False
brutal,sad,False
bummer,sad,False
buried,sad,False
burned,sad,False
burnt,sad,False
busted,sad,False
butthurt,sad,False
cheerless,sad,False
crap,sad,False
crappy,sad,False
creeping,sad,False
crushed,sad,False
cry,sad,False
crying,sad,False
cursed,sad,False
damage,sad,False
dang,sad,False
darn,sad,False
dead,sad,False
deadened,sad,False
death,sad,False
defeated,sad,False
defecate,sad,False
deject,sad,False
dejected,sad,False
demolished,sad,False
demoralise,sad,False
demoralize,sad,False
depressed,sad,False
depressing,sad,False
depression,sad,False
desolation,sad,False
despair,sad,False
despairing,sad,False
desperate,sad,False
desperately,sad,False
desperation,sad,False
destroying,sad,False
disappeared,sad,False
disappointed,sad,False
disappointing,sad,False
disappointment,sad,False
disappoints,sad,False
disastrous,sad,False
discouragement,sad,False
disheartenment,sad,False
disordered,sad,False
dispirit,sad,False
dispirited,sad,False
dissatisfactory,sad,False
down we go,sad,False
downhearted,sad,False
dragged,sad,False
drained,sad,False
dread,sad,False
dreaded,sad,False
dreadful,sad,False
dysphoric,sad,False
epicfail,sad,False
epicfails,sad,False
epicfailure,sad,False
excruciate,sad,False
excruciation,sad,False
fail,sad,False
failed,sad,False
failing,sad,False
fails,sad,False
failure,sad,False
failures,sad,False
fall prey,sad,False
feel sorry,sad,False
fell prey,sad,False
flushed,sad,False
fml,sad,False
friendless,sad,False
getting lost,sad,False
give up,sad,False
gloominess,sad,False
gloomy,sad,False
gracelessness,sad,False
grief,sad,False
grieve,sad,False
grim,sad,False
guilty,sad,False
heartache,sad,False
heartbreak,sad,False
heartbroken,sad,False
heartburn,sad,False
heartsick,sad,False
homesick,sad,False
hopeless,sad,False
hopelessness,sad,False
horrendous,sad,False
horrible,sad,False
horrific,sad,False
horrify,sad,False
horror,sad,False
hurt,sad,False
hurting,sad,False
hurts,sad,False
i lost,sad,False
is it over,sad,False
isolated,sad,False
killed,sad,False
knockout,sad,False
lifeless,sad,False
loneliness,sad,False
lonely,sad,False
lonesome,sad,False
lonesomeness,sad,False
losing,sad,False
maxpain,sad,False
meaningless,sad,False
mercy,sad,False
messy,sad,False
miserable,sad,False
miserableness,sad,False
misery,sad,False
misfortunate,sad,False
missed,sad,False
moody,sad,False
murdered,sad,False
neglected,sad,False
no bueno,sad,False
noo,sad,False
not amazed,sad,False
not amused,sad,False
not cute,sad,False
not enjoying,sad,False
not fulfilled,sad,False
not good,sad,False
not happy,sad,False
not liking,sad,False
notgood,sad,False
on a tear,sad,False
ouch,sad,False
pain,sad,False
painful,sad,False
painfulness,sad,False
pointless,sad,False
poop,sad,False
poorly,sad,False
pounded,sad,False
powerless,sad,False
puff,sad,False
punished,sad,False
regret,sad,False
regretful,sad,False
regrets,sad,False
regretted,sad,False
regretting,sad,False
reject,sad,False
remorse,sad,False
remorseful,sad,False
rip,sad,False
ripper,sad,False
ripping,sad,False
ripping down,sad,False
roast,sad,False
roasted,sad,False
rough,sad,False
rueful,sad,False
ruefulness,sad,False
ruined,sad,False
sad,sad,False
sadder,sad,False
saddest,sad,False
sadly,sad,False
sadness,sad,False
scalp,sad,False
scalped,sad,False
scalping,sad,False
shamed,sad,False
shamefaced,sad,False
should have,sad,False
should have bough,sad,False
should have sold,sad,False
sigh,sad,False
silly,sad,False
slapped,sad,False
slaughtered,sad,False
slaughterfest,sad,False
sloppy,sad,False
smashed,sad,False
smh,sad,False
smoked,sad,False
solitariness,sad,False
solitary,sad,False
sore,sad,False
sorrow,sad,False
sorrowfulness,sad,False
sour,sad,False
stab,sad,False
struggle,sad,False
struggling,sad,False
suffered,sad,False
suffering,sad,False
sykes,sad,False
tearful,sad,False
tears,sad,False
terrible,sad,False
terribly,sad,False
theend,sad,False
toast,sad,False
toasted,sad,False
took the hit,sad,False
torment,sad,False
torments,sad,False
torture,sad,False
tortured,sad,False
tortures,sad,False
torturing,sad,False
trauma,sad,False
ugh,sad,False
unfortunate,sad,False
unfulfilled,sad,False
unhappily,sad,False
unhappiness,sad,False
unhappy,sad,False
unsatisfying,sad,False
unworthy,sad,False
upbeat,sad,False
upset,sad,False
upsets,sad,False
victimized,sad,False
vulnerable,sad,False
wannacry,sad,False
we are red,sad,False
we lost,sad,False
weakened,sad,False
weep,sad,False
weeping,sad,False
whack,sad,False
whacked,sad,False
whipsaw,sad,False
wiped,sad,False
woe,sad,False
woeful,sad,False
woefulness,sad,False
worst,sad,False
wounded,sad,False
wreck,sad,False
wrecked,sad,False
wrong moves,sad,False
yikes,sad,False
you win,sad,False
you won,sad,False
anguishedface,sad_emojis,True
brokenheart,sad_emojis,True
coffin,sad_emojis,True
coldface,sad_emojis,True
confoundedface,sad_emojis,True
cryingcatface,sad_emojis,True
cryingface,sad_emojis,True
disappointedbutrelievedface,sad_emojis,True
disappointedface,sad_emojis,True
facewithcoldsweat,sad_emojis,True
facewithheadbandage,sad_emojis,True
facewithmedicalmask,sad_emojis,True
facewithoutmouth,sad_emojis,True
facewithrollingeyes,sad_emojis,True
facewiththermometer,sad_emojis,True
frowningface,sad_emojis,True
frowningfacewithopenmouth,sad_emojis,True
loudlycryingface,sad_emojis,True
pensiveface,sad_emojis,True
perseveringface,sad_emojis,True
personfacepalming,sad_emojis,True
personfrowning,sad_emojis,True
sadface,sad_emojis,True
sickface,sad_emojis,True
slightlyfrowningface,sad_emojis,True
sneezingface,sad_emojis,True
thumbsdown,sad_emojis,True
tiredface,sad_emojis,True
unamusedface,sad_emojis,True
wearycatface,sad_emojis,True
wearyface,sad_emojis,True
woozyface,sad_emojis,True
zippermouthface,sad_emojis,True
absurd,surprise,False
accidentally,surprise,False
amazed,surprise,False
amazement,surprise,False
amazes,surprise,False
any idea,surprise,False
any ideas,surprise,False
astonied,surprise,False
astonish,surprise,False
astonished,surprise,False
astonishment,surprise,False
astound,surprise,False
astounded,surprise,False
astoundment,surprise,False
baffle,surprise,False
baffled,surprise,False
baffles,surprise,False
bamm,surprise,False
bananas,surprise,False
blown away,surprise,False
can anyone tell,surprise,False
can someone tell,surprise,False
can this really,surprise,False
cannot believe,surprise,False
cant believe,surprise,False
christ,surprise,False
christs,surprise,False
clueless,surprise,False
confuse,surprise,False
confused,surprise,False
confuses,surprise,False
confusing,surprise,False
confusion,surprise,False
could anyone tell,surprise,False
could someone tell,surprise,False
could this really,surprise,False
cray,surprise,False
craziness,surprise,False
crazy,surprise,False
curious,surprise,False
did this really,surprise,False
dismayed,surprise,False
does anyone know,surprise,False
does someone know,surprise,False
does this really,surprise,False
dumbfound,surprise,False
dumbfounded,surprise,False
dumbstricken,surprise,False
dumbstruck,surprise,False
dumfounded,surprise,False
eager,surprise,False
escalated quickly,surprise,False
flabbergasted,surprise,False
gee,surprise,False
geez,surprise,False
god,surprise,False
good god,surprise,False
good lord,surprise,False
goodness,surprise,False
gosh,surprise,False
grotesque,surprise,False
guessing,surprise,False
holy,surprise,False
holy moly,surprise,False
i cant see,surprise,False
i guess,surprise,False
i wonder,surprise,False
impossibility,surprise,False
impossible,surprise,False
improbability,surprise,False
improbable,surprise,False
inconceivable,surprise,False
incredibility,surprise,False
incredible,surprise,False
incredulity,surprise,False
insane,surprise,False
insanely,surprise,False
insanity,surprise,False
interesting close,surprise,False
is this really,surprise,False
jaw dropping,surprise,False
jeez,surprise,False
jesus,surprise,False
just a guess,surprise,False
lets see,surprise,False
look weird,surprise,False
looks weird,surprise,False
looney,surprise,False
loonies,surprise,False
loony,surprise,False
lord,surprise,False
ludicrous,surprise,False
magic,surprise,False
magically,surprise,False
miracle,surprise,False
moly,surprise,False
mystery,surprise,False
never saw,surprise,False
never see,surprise,False
never seen,surprise,False
no clue,surprise,False
no idea,surprise,False
no sense,surprise,False
nonobvious,surprise,False
nonsensical,surprise,False
not make sense,surprise,False
not sure,surprise,False
nutcase,surprise,False
nuts,surprise,False
nutz,surprise,False
odd price,surprise,False
oh boy,surprise,False
oh snap,surprise,False
ohboy,surprise,False
ohh,surprise,False
ohmy,surprise,False
omfg,surprise,False
omg,surprise,False
oops,surprise,False
perplex,surprise,False
perplexed,surprise,False
puzzle,surprise,False
puzzled,surprise,False
puzzles,surprise,False
really thought,surprise,False
ridiculous,surprise,False
ridiculously,surprise,False
rlly,surprise,False
seriously,surprise,False
shocked,surprise,False
shocker,surprise,False
shocking,surprise,False
shocks,surprise,False
shook,surprise,False
sounds weird,surprise,False
speechless,surprise,False
startle,surprise,False
startled,surprise,False
startles,surprise,False
strange,surprise,False
strangest,surprise,False
stunned,surprise,False
stunner,surprise,False
stunning,surprise,False
stupefied,surprise,False
stupefy,surprise,False
sudden,surprise,False
suddenly,surprise,False
surprisal,surprise,False
surprise,surprise,False
surprised,surprise,False
surprises,surprise,False
surprising,surprise,False
surprisingly,surprise,False
than expected,surprise,False
uh oh,surprise,False
unbelievable,surprise,False
unexpected,surprise,False
unexpectedly,surprise,False
unfathomable,surprise,False
unimaginable,surprise,False
unlike,surprise,False
unlikely,surprise,False
unprecedented,surprise,False
unreal,surprise,False
unsuggested,surprise,False
unthinkable,surprise,False
unusual,surprise,False
unusually,surprise,False
wanna know,surprise,False
want to know,surprise,False
was this really,surprise,False
weird market,surprise,False
weird price,surprise,False
wft,surprise,False
what happen,surprise,False
what happened,surprise,False
what is news,surprise,False
what is this,surprise,False
what is with,surprise,False
what news,surprise,False
what the heck,surprise,False
what the hell,surprise,False
what the hell,surprise,False
whats going on,surprise,False
where did you,surprise,False
whew,surprise,False
whoa,surprise,False
whoops,surprise,False
why,surprise,False
wild,surprise,False
will this really,surprise,False
wow,surprise,False
wowza,surprise,False
wtf,surprise,False
astonishedface,surprise_emojis,True
confusedface,surprise_emojis,True
dizzy,surprise_emojis,True
dizzyface,surprise_emojis,True
facewithopenmouth,surprise_emojis,True
facewithraisedeyebrow,surprise_emojis,True
flushedface,surprise_emojis,True
personshrugging,surprise_emojis,True
questionmark,surprise_emojis,True
surprisedface,surprise_emojis,True
thinkingface,surprise_emojis,True
zanyface,surprise_emojis,True
